https://twitter.com/Michell66324802/status/1615275743851810818;2023-01-17 09:12:02+00:00;"ğ–”ğ–œğ–“ ğ–ğ–†ğ–›ğ–Š ğ–•ğ–—ğ–”ğ–‡ğ–‘ğ–Šğ–’
https://t.co/PKQGvNmXQ1
##
#å¯¦å¯¦é˜¿é»ç”¨å…¶å¯¦ https://t.co/LVTteKqX6x";4;10;30;10
https://twitter.com/MariaGi48346477/status/1615275673970434049;2023-01-17 09:11:45+00:00;"The game of basketball has bee âœï¸
https://t.co/zL39pNZv8P
##
#å¯¦å¯¦é˜¿é»ç”¨å…¶å¯¦ https://t.co/6nIgX3QDIv";4;20;40;20
https://twitter.com/Michell66324802/status/1615275719898140673;2023-01-17 09:11:56+00:00;"ğ–—ğ–Šğ–†ğ–‘ ğ–ğ–Šğ–—ğ–Š ğ–•ğ–‘ğ–†ğ–“
https://t.co/PKQGvNmXQ1
##
#å¯¦å¯¦é˜¿é»ç”¨å…¶å¯¦ https://t.co/ygvQRbizkY";4;10;30;10
https://twitter.com/lunehoon/status/1615275179692937216;2023-01-17 09:09:47+00:00;"âš”ï¸: what? how did you all know? that i dyed my hair?

SO IS HE CONFIRMING IT OR NOT";1;35;119;40
https://twitter.com/archivesnjm/status/1615275420861227009;2023-01-17 09:10:45+00:00;"#jaemin for todayâ€™s fansign! ğŸ¥¹

Â©ï¸ 97prinkles https://t.co/V40X4LGPnd";1;65;85;17
https://twitter.com/newjeansblog/status/1615275590680195075;2023-01-17 09:11:25+00:00;"Hanni singing Just a Feeling by SES!! COME ON VOCALS!!!
#NewJeans #Hanni https://t.co/UfQweYCBTj";0;2;9;0
https://twitter.com/btsinthemoment/status/1615275727032811520;2023-01-17 09:11:58+00:00;"[j.m] instagram post 

ğŸ¥ so thrilled to start a journey with @/dior ! 
its an honour to be dior's global ambassador ! 
please look forward to &lt;me&gt; a lot 
#JIMIN #BTS https://t.co/8wZ3DV7HMq";0;21;40;0
https://twitter.com/Michell66324802/status/1615275696753885186;2023-01-17 09:11:51+00:00;"ğ–“ğ–”ğ–œ ğ–ğ–“ 
https://t.co/PKQGvNmXQ1
##
#å¯¦å¯¦é˜¿é»ç”¨å…¶å¯¦ https://t.co/Ita6OcSpbs";4;10;30;10
https://twitter.com/binniejjin/status/1615275167005171792;2023-01-17 09:09:44+00:00;Netflix dong #zonauang;123;0;3;15
https://twitter.com/Michell66324802/status/1615275673790160896;2023-01-17 09:11:45+00:00;"ğ–ğ–Šğ–—ğ–Š ğ–ğ–‹ ğ–‡ğ–šğ–™
https://t.co/PKQGvNmXQ1
##
#å¯¦å¯¦é˜¿é»ç”¨å…¶å¯¦ https://t.co/gNlJHNaMVr";4;10;30;10
https://twitter.com/Michell66324802/status/1615275650184609792;2023-01-17 09:11:40+00:00;"ğ–ğ–“ğ–™ğ–Šğ–—ğ–Šğ–˜ğ–™ ğ–†ğ–“ğ–‰ ğ–˜ğ–’ğ–†ğ–‘ğ–‘
https://t.co/PKQGvNmXQ1
##
#å¯¦å¯¦é˜¿é»ç”¨å…¶å¯¦ https://t.co/DF2xvWA4FW";4;10;30;10
